date,title
2021-12-02,Wie sich der E Auto Boom in Hamburg selbst blockiert
2021-12-03,44 Millionen Euro mehr Wie Spekulanten den Wert eines ungenutzten Grundstücks in die Höhe treiben
2021-12-06,Wann kommt der Weihnachtsmann Dieser Hamburger rechnet es aus
2021-12-07,Hamburgs Verkehr ist besser als sein Ruf das zeigt eine neue Studie
2021-12-08,Geist Geld Glamour Hamburgs Weg zur Wissenschaftsmetropole
2021-12-09,Erfindergeist gesucht So innovativ ist Hamburgs Wirtschaft nicht
2021-12-10,Sie gehen leer aus Warum viele Wissenschaftler die Science City Bahrenfeld kritisch sehen
2021-12-13,Ich habe mir gesagt ich sterbe nicht
2021-12-14,Wie will er das schaffen Der neue Uni Präsident wird es nicht leicht haben
2021-12-15,Sie singen stechen stinken Hamburgs neue Bewohner
2021-12-16,Skandal Skandal im Bezirk Nord Die Rolling Stones Affäre
2021-12-17,Weniger Druck mehr Leben Wie Hamburg in der Pandemie Drogenabhängigen hilft
2022-01-10,Isolation statt Therapie Wie Gefängnisse kranke Insassen noch kränker machen
2022-01-11,Happy Elphi Das Konzerthaus wird fünf
2022-01-12,Ausgeliefert Zehntausende Kündigungen für Strom und Gasverträge
2022-01-13,Nach Hausarrest Russland lässt Regisseur Kirill Serebrennikow nach Hamburg reisen
2022-01-14,Rekordinzidenz ja aber
2022-01-17,Hier wächst das große Geld
2022-01-18,Was sich im Umgang mit psychisch kranken Häftlingen ändern muss
2022-01-19,Die Rache der Möwen
2022-01-20,Der Hauptbahnhof wird größer schöner nur wann
2022-01-21,Das Milliardenprojekt Hamburg plant neuen S Bahn Tunnel
2022-01-24,Was Frau Bacio über Sex weiß
2022-01-25,Einmal verzaubern bitte
2022-01-26,Super Supermarkt Wie die Regisseure von Die Discounter die Serienlandschaft aufmischen
2022-01-27,Testet endlich die Kleinsten
2022-01-28,Reaktion auf Rechtsextremisten Corona Demo abgesagt
2022-01-31,Sport Spaß Streit Warum es bei Sportspaß hinter den Kulissen kracht
2022-02-01,Als die Flut kam Was wir aus der Katastrophe von 1962 lernen können
2022-02-02,Wie sich Hamburg vor Sturmfluten und Starkregen schützt und ob die Maßnahmen reichen
2022-02-03,Warum sich an der Staatsoper Protest gegen die Corona Spielpläne regt
2022-02-04,Wie Klimaforscher Mojib Latif Hamburgs Zukunft sieht
2022-02-07,Sturmflut Land unter auf hamburg de
2022-02-08,Die Auswanderer Wie drei Hamburger Brüder eine Pazifikinsel eroberten
2022-02-09,Hamburg kippt 2G Regel im Einzelhandel
2022-02-10,Warum ein Hamburger Arzt möglichst viele Schilddrüsen OPs verhindern will
2022-02-11,Dieser Hamburger Juwelier machte zuletzt mehr Umsatz als vor der Pandemie
2022-02-14,Science City Wie das neue Viertel das Image von Hamburg verändern soll
2022-02-15,Hilfe die Sumpfbiber kommen
2022-02-16,Droht in Hamburg eine Immobilienblase
2022-02-17,Hallo aus Neuwerk Wie man den Schlick Streit auf der Insel sieht
2022-02-18,Wie UKE Ärzte versuchen ungeimpfte Pflegekräfte zu überzeugen
2022-02-21,Hafenschlick im Wattenmeer Naturschützer wollen Hamburg verklagen
2022-02-22,Wie eine Initiative unter Migranten für die Impfung wirbt
2022-02-23,Deutliche Lockerungen der Corona Maßnahmen angekündigt
2022-02-24,Stillstand in Altona Haben Betrüger das Holsten Areal gekauft
2022-02-25,Krieg in der Ukraine Folgen für Hamburg
2022-02-28,Mit Impfgegnern im Gespräch
2022-03-01,Rampensau ade Dieter Lenzens Abschied von der Uni Hamburg
2022-03-02,Schulname in Langenhorn sorgt für Diskussionen
2022-03-03,Illegale Raves Zwei Organisatoren erzählen
2022-03-04,Produzent von Gzuz Weit entfernt von Gangster Rap
2022-03-07,Wie in Hamburg lebende Ukrainerinnen und Ukrainer den Krieg erleben und wo sie sich mehr Hilfe von der Stadt wünschen
2022-03-08,Warum sich die Hamburger Gastroszene im Stich gelassen fühlt
2022-03-09,Wo bringt Hamburg die Geflüchteten unter
2022-03-10,Messehalle bereits voll belegt mit Geflüchteten
2022-03-11,Die Oligarchen Jacht bleibt im Hafen aber die Crew ist schon weg
2022-03-14,Wenn Maskengegner mit Mord drohen
2022-03-15,Der Klimawandel bringt neue Viren nach Hamburg
2022-03-16,Geflüchtete Eine Chronik der Überforderung
2022-03-17,Sind teure Spritpreise ein Luxusproblem
2022-03-18,Happy End in der Hammer Straße
2022-03-21,Corona in Hamburg Was nach dem Freedom Day auf uns zukommt
2022-03-22,Wie Hamburg bis heute von Enteignungen durch die Nazis profitiert
2022-03-23,Wir brauchen eine E Scooter Unfallkartei
2022-03-24,Einfach 15 Minuten zuhören Eine Hamburger Kinderärztin zieht Bilanz
2022-03-25,Wie der Ukraine Krieg den Hamburger Hafen in den Ausnahmezustand versetzt
2022-03-28,Abstriche beim Klimaschutz Alltag eines Abfall Unternehmers
2022-03-28,Abstriche beim Klimaschutz Alltag eines Abfall Unternehmers
2022-03-29,Wie eine Hamburgerin Menschen ihre letzten Wünsche erfüllt
2022-03-30,Massenschlägerei beim Amateurfußball Pass auf deine Zähne auf
2022-03-30,Massenschlägerei beim Amateurfußball Pass auf deine Zähne auf
2022-03-31,Wladimir Putins Besuche in Hamburg Travestie Shows und knallende Türen
2022-04-01,500 Anrufe täglich Wie eine Hamburger Hotline Menschen auf der Flucht hilft
2022-04-04,Zoe Wees Von der Stadtteilschule in die Charts
2022-04-05,20 000 Geflüchtete Wo sollen sie wohnen
2022-04-06,Rettet die Maskenpflicht an den Schulen
2022-04-07,Was hilft gegen Corona Stadtpläne
2022-04-08,Zusammenleben mit Geflüchteten Ein Erfahrungsbericht
2022-04-11,Der Skandal von dem kaum etwas übrig blieb
2022-04-12,Wenn der Ernstfall kommt ist Bernd bereit
2022-04-13,Warum viele Hamburger Arztpraxen täglich Patienten abweisen müssen
2022-04-14,Wie eine Hamburgerin den Klitschko Brüdern hilft
2022-04-19,Hamburger Ärztekammer Präsident übt scharfe Kritik an Corona Politik
